{
  "profiles": {
    "rf_mfcc": {
      "band_frequencies_hz": [
        36.36363636363637,
        47.72727272727273,
        59.09090909090909,
        70.45454545454545,
        81.81818181818181,
        93.18181818181819,
        104.54545454545455,
        115.9090909090909,
        127.27272727272727,
        138.63636363636363,
        150.0,
        161.36363636363637,
        172.72727272727275,
        184.0909090909091,
        195.45454545454547,
        206.8181818181818,
        218.1818181818182,
        229.54545454545453,
        240.9090909090909,
        252.27272727272728,
        263.6363636363636,
        275.0,
        286.3636363636364,
        297.72727272727275,
        309.09090909090907,
        320.45454545454544,
        331.8181818181818,
        343.1818181818182,
        354.5454545454545,
        365.90909090909093,
        377.27272727272725,
        388.6363636363636
      ],
      "attribution": [
        0.04439781621922361,
        0.03690904963092102,
        0.030951442646430558,
        0.02931405090909074,
        0.027809219934061567,
        0.027279721298839855,
        0.028683256987813675,
        0.030118945515888857,
        0.03312646097746023,
        0.034342563932030536,
        0.03486762400411296,
        0.03187213643869173,
        0.031045635628934334,
        0.029538766235174936,
        0.027340283402671556,
        0.022403026238653846,
        0.022403026238653825,
        0.027340283402671556,
        0.029538766235174936,
        0.03104563562893433,
        0.031872136438691724,
        0.03486762400411297,
        0.03434256393203054,
        0.03312646097746023,
        0.030118945515888843,
        0.02868325698781366,
        0.02727972129883986,
        0.02780921993406156,
        0.029314050909090734,
        0.030951442646430575,
        0.03690904963092104,
        0.044397816219223604
      ],
      "peak_frequency_hz": 36.36363636363637,
      "centroid_hz": 212.5,
      "n_features_mapped": 234,
      "method": "abs(DCT basis) projection",
      "caveat": "Sign-agnostic approximation; PWP gives an exact band mapping."
    },
    "rf_pwp": {
      "band_frequencies_hz": [
        37.81498170509218,
        63.897976166591796,
        90.90304813661042,
        118.86279459832703,
        147.81096489283232,
        177.7825014569098,
        208.81358200096577,
        240.94166317801847,
        274.2055257964605,
        308.6453216311675,
        344.30262188945767,
        381.22046739040417
      ],
      "band_edges_hz": [
        25.000000000000068,
        50.62996341018429,
        77.1659889229993,
        104.64010735022154,
        133.08548184643251,
        162.53644793923212,
        193.02855497458754,
        224.598609027344,
        257.284717328693,
        291.12633426422803,
        326.164308998107,
        362.44093478080833,
        400.0
      ],
      "attribution": [
        0.1764350765464257,
        0.03280621263753507,
        0.12782693123140634,
        0.10386259251614338,
        0.09159675673358098,
        0.046797033913924084,
        0.015152698992854293,
        0.034135429813131855,
        0.1410953849271071,
        0.13454244519070518,
        0.05204008917133461,
        0.0437093483258515
      ],
      "peak_frequency_hz": 37.81498170509218,
      "centroid_hz": 180.77629862201064,
      "per_descriptor_share": {
        "energy": 0.3479,
        "entropy": 0.3166,
        "std": 0.1535,
        "kurtosis": 0.1028,
        "abs": 0.0708,
        "skew": 0.0083
      },
      "method": "exact band aggregation"
    },
    "svm_mfcc": {
      "band_frequencies_hz": [
        36.36363636363637,
        47.72727272727273,
        59.09090909090909,
        70.45454545454545,
        81.81818181818181,
        93.18181818181819,
        104.54545454545455,
        115.9090909090909,
        127.27272727272727,
        138.63636363636363,
        150.0,
        161.36363636363637,
        172.72727272727275,
        184.0909090909091,
        195.45454545454547,
        206.8181818181818,
        218.1818181818182,
        229.54545454545453,
        240.9090909090909,
        252.27272727272728,
        263.6363636363636,
        275.0,
        286.3636363636364,
        297.72727272727275,
        309.09090909090907,
        320.45454545454544,
        331.8181818181818,
        343.1818181818182,
        354.5454545454545,
        365.90909090909093,
        377.27272727272725,
        388.6363636363636
      ],
      "attribution": [
        0.042829412553610696,
        0.03482110662651422,
        0.03277888891531188,
        0.032752640990169765,
        0.02933758318527537,
        0.027612003792249536,
        0.027735037467972963,
        0.028178650927055047,
        0.030962878500224958,
        0.0325944056832081,
        0.033554615981931164,
        0.03213498080353682,
        0.03129589425017995,
        0.030074481035716638,
        0.02823562599526862,
        0.025101793291774224,
        0.025101793291774213,
        0.028235625995268607,
        0.030074481035716635,
        0.03129589425017995,
        0.03213498080353682,
        0.03355461598193117,
        0.032594405683208115,
        0.03096287850022497,
        0.028178650927055047,
        0.027735037467972963,
        0.02761200379224953,
        0.02933758318527537,
        0.032752640990169744,
        0.0327788889153119,
        0.034821106626514234,
        0.04282941255361069
      ],
      "peak_frequency_hz": 36.36363636363637,
      "centroid_hz": 212.5,
      "n_features_mapped": 234,
      "method": "abs(DCT basis) projection",
      "caveat": "Sign-agnostic approximation; PWP gives an exact band mapping."
    },
    "svm_pwp": {
      "band_frequencies_hz": [
        37.81498170509218,
        63.897976166591796,
        90.90304813661042,
        118.86279459832703,
        147.81096489283232,
        177.7825014569098,
        208.81358200096577,
        240.94166317801847,
        274.2055257964605,
        308.6453216311675,
        344.30262188945767,
        381.22046739040417
      ],
      "band_edges_hz": [
        25.000000000000068,
        50.62996341018429,
        77.1659889229993,
        104.64010735022154,
        133.08548184643251,
        162.53644793923212,
        193.02855497458754,
        224.598609027344,
        257.284717328693,
        291.12633426422803,
        326.164308998107,
        362.44093478080833,
        400.0
      ],
      "attribution": [
        0.21793298812105225,
        0.18254985283279754,
        0.03769755844333928,
        0.09325112650775318,
        0.030456235482864566,
        0.05766064542778829,
        0.04476064087230146,
        0.07731439820289296,
        0.05605325522713079,
        0.10090132819099258,
        0.035746924646109,
        0.06567504604497827
      ],
      "peak_frequency_hz": 37.81498170509218,
      "centroid_hz": 161.00158619150685,
      "per_descriptor_share": {
        "energy": 0.3536,
        "entropy": 0.2934,
        "kurtosis": 0.1757,
        "std": 0.1099,
        "abs": 0.0494,
        "skew": 0.018
      },
      "method": "exact band aggregation"
    }
  },