{
  "profiles": {
    "rf_mfcc": {
      "band_frequencies_hz": [
        36.36363636363637,
        47.72727272727273,
        59.09090909090909,
        70.45454545454545,
        81.81818181818181,
        93.18181818181819,
        104.54545454545455,
        115.9090909090909,
        127.27272727272727,
        138.63636363636363,
        150.0,
        161.36363636363637,
        172.72727272727275,
        184.0909090909091,
        195.45454545454547,
        206.8181818181818,
        218.1818181818182,
        229.54545454545453,
        240.9090909090909,
        252.27272727272728,
        263.6363636363636,
        275.0,
        286.3636363636364,
        297.72727272727275,
        309.09090909090907,
        320.45454545454544,
        331.8181818181818,
        343.1818181818182,
        354.5454545454545,
        365.90909090909093,
        377.27272727272725,
        388.6363636363636
      ],
      "attribution": [
        0.04421132291748482,
        0.03724890767651498,
        0.03246233742698936,
        0.030777299537787097,
        0.028418122193487598,
        0.027298025405793947,
        0.028530136013778868,
        0.029830397917909604,
        0.03270414421447255,
        0.03394546229744295,
        0.034439266405552144,
        0.03191161896500042,
        0.030822796289766297,
        0.029018649563828033,
        0.026519989196850367,
        0.021861523977340872,
        0.021861523977340865,
        0.026519989196850363,
        0.029018649563828033,
        0.030822796289766297,
        0.03191161896500042,
        0.03443926640555214,
        0.033945462297442955,
        0.032704144214472555,
        0.029830397917909597,
        0.028530136013778865,
        0.027298025405793954,
        0.02841812219348758,
        0.03077729953778709,
        0.03246233742698938,
        0.03724890767651499,
        0.04421132291748482
      ],
      "peak_frequency_hz": 36.36363636363637,
      "centroid_hz": 212.49999999999994,
      "n_features_mapped": 234,
      "method": "abs(DCT basis) projection",
      "caveat": "Sign-agnostic approximation; PWP gives an exact band mapping."
    },
    "rf_pwp": {
      "band_frequencies_hz": [
        37.81498170509218,
        63.897976166591796,
        90.90304813661042,
        118.86279459832703,
        147.81096489283232,
        177.7825014569098,
        208.81358200096577,
        240.94166317801847,
        274.2055257964605,
        308.6453216311675,
        344.30262188945767,
        381.22046739040417
      ],
      "band_edges_hz": [
        25.000000000000068,
        50.62996341018429,
        77.1659889229993,
        104.64010735022154,
        133.08548184643251,
        162.53644793923212,
        193.02855497458754,
        224.598609027344,
        257.284717328693,
        291.12633426422803,
        326.164308998107,
        362.44093478080833,
        400.0
      ],
      "attribution": [
        0.212311698313056,
        0.0521089233922953,
        0.09019899085025974,
        0.09159788055767314,
        0.0839485309770572,
        0.03328115716109649,
        0.013387900074624048,
        0.021783053177033353,
        0.15730841956336944,
        0.1772475339033125,
        0.03831160891367301,
        0.02851430311654976
      ],
      "peak_frequency_hz": 37.81498170509218,
      "centroid_hz": 178.7169855378213,
      "per_descriptor_share": {
        "entropy": 0.4333,
        "energy": 0.3098,
        "std": 0.1099,
        "kurtosis": 0.0834,
        "abs": 0.0529,
        "skew": 0.0107
      },
      "method": "exact band aggregation"
    },
    "svm_mfcc": {
      "band_frequencies_hz": [
        36.36363636363637,
        47.72727272727273,
        59.09090909090909,
        70.45454545454545,
        81.81818181818181,
        93.18181818181819,
        104.54545454545455,
        115.9090909090909,
        127.27272727272727,
        138.63636363636363,
        150.0,
        161.36363636363637,
        172.72727272727275,
        184.0909090909091,
        195.45454545454547,
        206.8181818181818,
        218.1818181818182,
        229.54545454545453,
        240.9090909090909,
        252.27272727272728,
        263.6363636363636,
        275.0,
        286.3636363636364,
        297.72727272727275,
        309.09090909090907,
        320.45454545454544,
        331.8181818181818,
        343.1818181818182,
        354.5454545454545,
        365.90909090909093,
        377.27272727272725,
        388.6363636363636
      ],
      "attribution": [
        0.04308091407667036,
        0.03483988380217494,
        0.033434836184921914,
        0.03240473252119742,
        0.028552136191894673,
        0.027392016537432246,
        0.0273678889392172,
        0.028108510635198,
        0.0310634170427222,
        0.03211347465631535,
        0.0336320706985739,
        0.032658398144160855,
        0.03155956770459752,
        0.030349798706428694,
        0.028190609299631894,
        0.02525174485886285,
        0.02525174485886285,
        0.028190609299631894,
        0.030349798706428687,
        0.031559567704597516,
        0.03265839814416087,
        0.03363207069857391,
        0.032113474656315345,
        0.031063417042722204,
        0.02810851063519799,
        0.027367888939217187,
        0.027392016537432257,
        0.028552136191894686,
        0.0324047325211974,
        0.03343483618492192,
        0.03483988380217493,
        0.04308091407667035
      ],
      "peak_frequency_hz": 36.36363636363637,
      "centroid_hz": 212.5,
      "n_features_mapped": 234,
      "method": "abs(DCT basis) projection",
      "caveat": "Sign-agnostic approximation; PWP gives an exact band mapping."
    },
    "svm_pwp": {
      "band_frequencies_hz": [
        37.81498170509218,
        63.897976166591796,
        90.90304813661042,
        118.86279459832703,
        147.81096489283232,
        177.7825014569098,
        208.81358200096577,
        240.94166317801847,
        274.2055257964605,
        308.6453216311675,
        344.30262188945767,
        381.22046739040417
      ],
      "band_edges_hz": [
        25.000000000000068,
        50.62996341018429,
        77.1659889229993,
        104.64010735022154,
        133.08548184643251,
        162.53644793923212,
        193.02855497458754,
        224.598609027344,
        257.284717328693,
        291.12633426422803,
        326.164308998107,
        362.44093478080833,
        400.0
      ],
      "attribution": [
        0.22672246547411015,
        0.15212964924606376,
        0.039684788774501815,
        0.0854793752554483,
        0.05354159980175043,
        0.037926524687589024,
        0.048945772553933765,
        0.060988882032490026,
        0.07292636247221558,
        0.10596330282639313,
        0.05346947243002975,
        0.06222180444547418
      ],
      "peak_frequency_hz": 37.81498170509218,
      "centroid_hz": 166.46587516498562,
      "per_descriptor_share": {
        "entropy": 0.4321,
        "energy": 0.2537,
        "kurtosis": 0.159,
        "std": 0.0752,
        "abs": 0.0533,
        "skew": 0.0267
      },
      "method": "exact band aggregation"
    }
  },