{
  "mean": [
    3.315171480178833,
    3.1523611545562744,
    2.5165822505950928,
    2.392284870147705,
    1.780368447303772,
    1.6452980041503906,
    1.0815906524658203,
    0.7973066568374634,
    0.34709426760673523,
    -0.02066558040678501,
    -0.318439245223999,
    -0.7489942312240601,
    -0.9041553735733032,
    -1.3407684564590454,
    -1.363633155822754,
    -1.935447096824646,
    -2.018233060836792,
    -2.433561086654663,
    -2.5235166549682617,
    -2.816821813583374,
    -3.0254032611846924,
    -3.181055784225464,
    -3.4368176460266113,
    -3.4446563720703125,
    -3.809464931488037,
    -3.7578113079071045,
    -4.18056583404541,
    -4.129367351531982,
    -4.489367485046387,
    -4.625731945037842,
    -4.9769439697265625,
    -5.279645919799805
  ],
  "std": [
    2.463287830352783,
    2.393914222717285,
    2.364206552505493,
    2.352842330932617,
    2.4301021099090576,
    2.441218614578247,
    2.484954833984375,
    2.4868273735046387,
    2.4950802326202393,
    2.500169038772583,
    2.4983179569244385,
    2.535221815109253,
    2.518596887588501,
    2.48848557472229,
    2.4499971866607666,
    2.496666431427002,
    2.450110673904419,
    2.469134569168091,
    2.4619128704071045,
    2.458083391189575,
    2.4525699615478516,
    2.443680763244629,
    2.449378490447998,
    2.4363317489624023,
    2.457592725753784,
    2.443047046661377,
    2.47304105758667,
    2.444352388381958,
    2.4530248641967773,
    2.441941738128662,
    2.4448978900909424,
    2.4488003253936768
  ]
}