{
  "mean": [
    3.277033805847168,
    3.1268465518951416,
    2.5123512744903564,
    2.4067065715789795,
    1.812085509300232,
    1.6852000951766968,
    1.125002145767212,
    0.8405752778053284,
    0.3880809247493744,
    0.01704305224120617,
    -0.29013004899024963,
    -0.7291600108146667,
    -0.8863511085510254,
    -1.322969675064087,
    -1.3454633951187134,
    -1.9134349822998047,
    -2.0025246143341064,
    -2.4301137924194336,
    -2.5289907455444336,
    -2.8268682956695557,
    -3.037862539291382,
    -3.1909401416778564,
    -3.4458703994750977,
    -3.452744722366333,
    -3.8150904178619385,
    -3.762366771697998,
    -4.1848464012146,
    -4.130910396575928,
    -4.490469455718994,
    -4.623269557952881,
    -4.970688819885254,
    -5.2717180252075195
  ],
  "std": [
    2.4534764289855957,
    2.3878002166748047,
    2.3540396690368652,
    2.341193914413452,
    2.4179909229278564,
    2.4261767864227295,
    2.4656567573547363,
    2.464125394821167,
    2.4710071086883545,
    2.468661308288574,
    2.4608092308044434,
    2.4866764545440674,
    2.4625117778778076,
    2.4301531314849854,
    2.3863673210144043,
    2.4336793422698975,
    2.3769161701202393,
    2.389213800430298,
    2.38167142868042,
    2.3754422664642334,
    2.3663580417633057,
    2.357767343521118,
    2.361438512802124,
    2.348247528076172,
    2.3666739463806152,
    2.3475687503814697,
    2.37699294090271,
    2.3440918922424316,
    2.353501319885254,
    2.342283010482788,
    2.3467154502868652,
    2.3497235774993896
  ]
}